{"cameraMode":{"drawMode":0,"name":"Shaded","section":"Shading Mode"},"sceneLighting":true,"audioPlay":false,"sceneViewState":{"showFog":true,"showMaterialUpdate":true,"showSkybox":true,"showFlares":true,"showImageEffects":true,"showParticleSystems":true},"in2DMode":false,"pivot":{"x":-1.1967474222183228,"y":0.10375546663999558,"z":20.331350326538087},"rotation":{"x":0.09828449785709381,"y":0.5966307520866394,"z":-0.07394935190677643,"w":0.7930342555046082},"size":53.705379486083987,"orthographic":false}