{"cameraMode":{"drawMode":0,"name":"Shaded","section":"Shading Mode"},"sceneLighting":false,"audioPlay":false,"sceneViewState":{"showFog":true,"showMaterialUpdate":true,"showSkybox":true,"showFlares":true,"showImageEffects":true,"showParticleSystems":true},"in2DMode":false,"pivot":{"x":-56.04624938964844,"y":-7.067103385925293,"z":81.28875732421875},"rotation":{"x":0.20105811953544618,"y":0.17524607479572297,"z":-0.03658479452133179,"w":0.9630815386772156},"size":13.205820083618164,"orthographic":false}