{"cameraMode":{"drawMode":0,"name":"Shaded","section":"Shading Mode"},"sceneLighting":false,"audioPlay":false,"sceneViewState":{"showFog":true,"showMaterialUpdate":true,"showSkybox":true,"showFlares":true,"showImageEffects":true,"showParticleSystems":true},"in2DMode":false,"pivot":{"x":-56.90625,"y":-8.813251495361329,"z":313.6106262207031},"rotation":{"x":0.20105811953544618,"y":0.17524607479572297,"z":-0.03658479452133179,"w":0.9630815386772156},"size":16.701183319091798,"orthographic":false}