{"cameraMode":{"drawMode":0,"name":"Shaded","section":"Shading Mode"},"sceneLighting":false,"audioPlay":false,"sceneViewState":{"showFog":true,"showMaterialUpdate":true,"showSkybox":true,"showFlares":true,"showImageEffects":true,"showParticleSystems":true},"in2DMode":false,"pivot":{"x":0.0,"y":-2.0784497261047365,"z":0.005000591278076172},"rotation":{"x":-0.1085159033536911,"y":-0.8391679525375366,"z":0.18176716566085816,"w":-0.5009812116622925},"size":17.454011917114259,"orthographic":false}