{"cameraMode":{"drawMode":0,"name":"Shaded","section":"Shading Mode"},"sceneLighting":false,"audioPlay":false,"sceneViewState":{"showFog":true,"showMaterialUpdate":true,"showSkybox":true,"showFlares":true,"showImageEffects":true,"showParticleSystems":true},"in2DMode":false,"pivot":{"x":-1.1920928955078126e-7,"y":1.0534100532531739,"z":0.0},"rotation":{"x":-0.03454849496483803,"y":-0.7380297780036926,"z":0.03790499269962311,"w":-0.6728163361549377},"size":10.981101989746094,"orthographic":false}