{"cameraMode":{"drawMode":0,"name":"Shaded","section":"Shading Mode"},"sceneLighting":false,"audioPlay":false,"sceneViewState":{"showFog":true,"showMaterialUpdate":true,"showSkybox":true,"showFlares":true,"showImageEffects":true,"showParticleSystems":true},"in2DMode":false,"pivot":{"x":-0.015887796878814698,"y":1.1044268608093262,"z":8.340555191040039},"rotation":{"x":0.1310528963804245,"y":0.3626165986061096,"z":-0.05158405005931854,"w":0.9212347865104675},"size":4.80741548538208,"orthographic":false}