{"cameraMode":{"drawMode":0,"name":"Shaded","section":"Shading Mode"},"sceneLighting":false,"audioPlay":false,"sceneViewState":{"showFog":true,"showMaterialUpdate":true,"showSkybox":true,"showFlares":true,"showImageEffects":true,"showParticleSystems":true},"in2DMode":false,"pivot":{"x":-56.906253814697269,"y":-7.067104339599609,"z":170.18174743652345},"rotation":{"x":0.20105811953544618,"y":0.17524607479572297,"z":-0.03658479452133179,"w":0.9630815386772156},"size":14.133886337280274,"orthographic":false}