{"cameraMode":{"drawMode":0,"name":"Shaded","section":"Shading Mode"},"sceneLighting":true,"audioPlay":false,"sceneViewState":{"showFog":true,"showMaterialUpdate":true,"showSkybox":true,"showFlares":true,"showImageEffects":true,"showParticleSystems":true},"in2DMode":false,"pivot":{"x":-0.0027788877487182619,"y":1010.7708740234375,"z":284.3538513183594},"rotation":{"x":-0.04658106714487076,"y":0.7731302976608276,"z":-0.05716830492019653,"w":-0.629945695400238},"size":4.883640289306641,"orthographic":false}